,mean,std,2.5q,25q,50q,75q,97.5q,mc err
a,0.978665918983,0.0404097186404,0.902655751535,0.951273786963,0.978566066511,1.00448278271,1.06186960813,0.00103708704622
a_std,0.168326491503,0.0325100470428,0.117867904487,0.144856059978,0.165501614724,0.186898707355,0.239843686256,0.000873781637101
a_subj.374,0.909561956956,0.0199643248235,0.869442089149,0.896754335072,0.909144308006,0.922703628487,0.950244702385,0.00068025505833
a_subj.474,0.964793322172,0.0269344836326,0.912383652678,0.946742058526,0.964249950672,0.982861909391,1.01788169333,0.00112575682517
a_subj.475,0.972981357149,0.0234765817986,0.926919352121,0.957188684018,0.972564284967,0.989216166873,1.0188116405,0.00085725075488
a_subj.476,1.08902351968,0.0256546229469,1.03984595196,1.07140810696,1.08861481824,1.1052048845,1.14261958697,0.00098683139228
a_subj.478,0.839938538791,0.0229382598236,0.798974805545,0.823908923402,0.838157136581,0.855591192421,0.887526668141,0.000919890917997
a_subj.479,1.13621960159,0.027644220064,1.08351678143,1.11806016381,1.13596294538,1.15466723865,1.19072478109,0.00108966748555
a_subj.480,1.19315875854,0.034629091987,1.12695333197,1.17087281547,1.19240540554,1.21611423705,1.264688032,0.0017559957989
a_subj.481,0.936204020931,0.0239141994299,0.891464925658,0.920435860106,0.935843044349,0.951834032947,0.984467134326,0.00103919661169
a_subj.482,0.993248022033,0.0219509431708,0.950391297202,0.97862910014,0.992810445951,1.00658071701,1.03944635744,0.000919240931018
a_subj.483,1.27714102348,0.0408111290022,1.20016821055,1.24934682109,1.27655923477,1.30385140693,1.36043363102,0.00203419310036
a_subj.484,0.984307530582,0.0227642419126,0.940999844507,0.969529821147,0.983278014003,0.998967230496,1.03101106465,0.000920062245192
a_subj.485,0.923179369271,0.0219525302748,0.881259941862,0.908253801331,0.922847059325,0.937065702654,0.968712182414,0.000759072819769
a_subj.486,1.10158776401,0.0242434276882,1.05604890232,1.08514049425,1.1006880508,1.1173998797,1.1510095914,0.000827306095884
a_subj.487,0.844144138974,0.0209088322158,0.802573382677,0.830320294185,0.844575736442,0.858221563904,0.884340948092,0.00100012498095
a_subj.488,1.04755761961,0.0241036939599,1.0015088866,1.0306775427,1.04738768442,1.06318823661,1.0953439573,0.000969090463885
a_subj.489,0.794584666598,0.0146651690303,0.766980892716,0.784296252275,0.794276672357,0.804552881767,0.824341953698,0.000416394462902
a_subj.492,0.638289139213,0.0144468120001,0.610953030718,0.628016975682,0.637953264641,0.647954832746,0.667489779958,0.00046922122426
a_subj.493,0.873588621182,0.0179689041128,0.83969306777,0.861298628334,0.873541838136,0.885605078223,0.908859330712,0.000680930497527
a_subj.494,0.950417641645,0.0238361450695,0.909180051454,0.933155072921,0.949612514245,0.966426794115,0.997151145244,0.000995975627524
v(0.0),-3.24262001338,0.363558884493,-3.93292328739,-3.49564482402,-3.23979132565,-2.99594457597,-2.51352573365,0.00937796203476
v(0.1),-3.35826580413,0.358935447027,-4.03552359054,-3.58847842932,-3.36998236188,-3.12694852269,-2.61783303183,0.0100031078496
v(0.2),-2.62998328994,0.359820238305,-3.32947188155,-2.87385109776,-2.62917308925,-2.38285209857,-1.90952166993,0.00893667787886
v(0.3),-2.15087582146,0.351579089023,-2.86964113879,-2.37640200592,-2.15319161722,-1.91938411735,-1.48698700753,0.00955374371943
v(1.0),-3.01898849988,0.354504527528,-3.72207920612,-3.25910128592,-3.02101927971,-2.77442199352,-2.32332352117,0.00986322632723
v(1.1),-2.89712381916,0.355890663588,-3.58439851889,-3.13202467304,-2.89818062004,-2.66081989526,-2.1985261468,0.00923797549073
v(1.2),-2.34505797189,0.363699092301,-3.0274620271,-2.59617059838,-2.33612746272,-2.09728565052,-1.59124218322,0.00935097473234
v(1.3),-1.89244184748,0.353662689303,-2.59605962807,-2.12727993409,-1.89189644623,-1.65490972734,-1.21396661104,0.00803017506726
v(2.0),-1.58160040577,0.343117352466,-2.26909083725,-1.81626721535,-1.58389427819,-1.34559050861,-0.891579552362,0.00909069688138
v(2.1),-1.67127429744,0.344295302113,-2.35004334239,-1.91239378771,-1.6693003766,-1.42257012484,-0.99193366821,0.00800374479237
v(2.2),-0.829446951593,0.345938868998,-1.50815094701,-1.06654325399,-0.82826554477,-0.596132190083,-0.126079716174,0.00707979389906
v(2.3),-0.00471709249386,0.349570515138,-0.714641468687,-0.235831770677,0.00322202136787,0.225067107177,0.698875554841,0.00900610980625
v(3.0),0.268766746109,0.350120660536,-0.400864328595,0.0315193268972,0.271817305849,0.496948375248,0.987683943269,0.00888328129042
v(3.1),0.436981424541,0.353066245544,-0.258395437681,0.198957345354,0.435660989083,0.683464746799,1.12404852478,0.00779725506923
v(3.2),0.905708617971,0.350984726899,0.19599930074,0.662995797591,0.900494980709,1.1557411218,1.55853571723,0.00964879422752
v(3.3),1.2083217551,0.343700141353,0.534213839217,0.98586022602,1.2085712912,1.44262956635,1.87482865518,0.00853618661787
v_std,1.47904300304,0.0707610661327,1.34699005524,1.43069868841,1.47667277977,1.5242711243,1.63177765364,0.00235792485331
v_subj(0.0).374,-3.63607528167,0.411051655252,-4.45204377206,-3.89059012158,-3.63697234253,-3.37332863522,-2.81434448222,0.0109567757833
v_subj(0.0).474,-3.8161682356,0.470220399789,-4.76989964728,-4.13389848843,-3.8144029687,-3.49133521846,-2.90706607268,0.0126897824154
v_subj(0.0).475,-3.66488922601,0.444622555997,-4.57214108594,-3.95261852388,-3.6523455834,-3.362008062,-2.80912020858,0.0117698010556
v_subj(0.0).476,-4.0468393189,0.421962450003,-4.89740557781,-4.33842945525,-4.02989755703,-3.7588328318,-3.24733605375,0.0119516164545
v_subj(0.0).478,-3.5908754266,0.43686304386,-4.46765589107,-3.88063290605,-3.59721093865,-3.30010949457,-2.73482319997,0.0107335784734
v_subj(0.0).479,-3.33944089395,0.389023592478,-4.09619516072,-3.60877112508,-3.34579595102,-3.06613073046,-2.5931288747,0.00965562397611
v_subj(0.0).480,-2.67535868715,0.431755295136,-3.54064012159,-2.96032339004,-2.65247310756,-2.36272897396,-1.85232647281,0.012658786713
v_subj(0.0).481,-3.89890305749,0.470120611645,-4.83582413042,-4.21688732672,-3.89946544963,-3.57879533524,-3.00004472658,0.0129400772146
v_subj(0.0).482,-2.67573520739,0.348757693983,-3.35717552269,-2.90573306545,-2.66860785416,-2.44630427857,-2.00391054879,0.00936989641956
v_subj(0.0).483,-4.55131489072,0.413688635393,-5.33042234347,-4.83446958513,-4.55647352603,-4.27002646864,-3.76421287818,0.0129187644928
v_subj(0.0).484,-4.07818743127,0.473370307517,-5.02657223397,-4.39858444919,-4.07146320452,-3.75291029983,-3.14683453289,0.0119695459749
v_subj(0.0).485,-3.64017777723,0.417747324114,-4.43769201654,-3.925052266,-3.65236909807,-3.37161374347,-2.82699184807,0.012475216392
v_subj(0.0).486,-3.23808992077,0.351620218467,-3.92229746604,-3.47981867955,-3.22753065876,-3.00243612007,-2.57793093521,0.00998491688301
v_subj(0.0).487,-0.540598866902,0.412401263515,-1.34596147379,-0.8231284497,-0.540168871569,-0.262508111146,0.282598226046,0.0102640985659
v_subj(0.0).488,-2.93235974069,0.401332395002,-3.70607285857,-3.19837602321,-2.9314884386,-2.6730214308,-2.15339853498,0.0100801282909
v_subj(0.0).489,-0.837644702085,0.461105743542,-1.70931296185,-1.14634736794,-0.841443171551,-0.533578533513,0.0563941064013,0.0114983391074
v_subj(0.0).492,-4.48159245787,0.610485350736,-5.67879134717,-4.8792031715,-4.48753626728,-4.050071473,-3.31368457261,0.0152584320715
v_subj(0.0).493,-3.15470810259,0.410473400088,-3.97724412304,-3.43988584914,-3.15469628757,-2.85740277194,-2.3546075486,0.0113529459724
v_subj(0.0).494,-4.40148241806,0.447017048121,-5.24723623362,-4.70046945178,-4.42168924231,-4.09970565369,-3.51175794511,0.0107437079476
v_subj(0.1).374,-3.82105690753,0.404214219171,-4.61139992933,-4.09943743893,-3.81790198924,-3.55128754045,-3.00016197017,0.00892342155344
v_subj(0.1).474,-4.326317326,0.452479616796,-5.21974036308,-4.63382369059,-4.32204337661,-4.00716320261,-3.46177755657,0.0124989734423
v_subj(0.1).475,-3.61826713471,0.416397352723,-4.42774514041,-3.8835564153,-3.60097152624,-3.34955643252,-2.79386919154,0.0121880103013
v_subj(0.1).476,-3.8684040337,0.406583802539,-4.70618380418,-4.14667402535,-3.86634040961,-3.58182371897,-3.10184481495,0.0113742564873
v_subj(0.1).478,-3.9207660431,0.444348384928,-4.83241082429,-4.21083975237,-3.91826982513,-3.62876707367,-3.01330539577,0.0126136527145
v_subj(0.1).479,-3.65352222931,0.396235500577,-4.45987649061,-3.91154477674,-3.64695400048,-3.39774453204,-2.84524107954,0.0101372776503
v_subj(0.1).480,-3.45600202484,0.379810642027,-4.16805156839,-3.7112084191,-3.45416945526,-3.19885365845,-2.69290281829,0.0118766740209
v_subj(0.1).481,-4.22012897133,0.456959252756,-5.08645563228,-4.52443477061,-4.23113146104,-3.92246468145,-3.33357843585,0.0125929694156
v_subj(0.1).482,-2.77720228676,0.36679921591,-3.49594611808,-3.01774323216,-2.77551582059,-2.52996931046,-2.04248004871,0.00907755521034
v_subj(0.1).483,-4.45106062773,0.405274962864,-5.2250333181,-4.72156618253,-4.46188536071,-4.16371352226,-3.64541257826,0.0126512313248
v_subj(0.1).484,-4.3774047386,0.476339050985,-5.31478609939,-4.69089301784,-4.37556987992,-4.05132725133,-3.44704454699,0.0125043317628
v_subj(0.1).485,-3.24708725246,0.402612598443,-4.03657410077,-3.50975903736,-3.25145589277,-2.98388476535,-2.44552083435,0.0102476037341
v_subj(0.1).486,-3.17214240261,0.351272634436,-3.89164294427,-3.40412965491,-3.16527131841,-2.93052144564,-2.49874373583,0.0093007701443
v_subj(0.1).487,0.375190655886,0.46715945928,-0.521681599545,0.0681796852103,0.376214077122,0.687277684695,1.29124612985,0.0123772128679
v_subj(0.1).488,-3.17224144356,0.432790654143,-4.00009896361,-3.48042512179,-3.18046404701,-2.87561078339,-2.27749773099,0.0112483442323
v_subj(0.1).489,-0.532958014238,0.432273156358,-1.33752717815,-0.83769458908,-0.530099672019,-0.23949091242,0.332918953602,0.0107302262655
v_subj(0.1).492,-4.94281644552,0.620292985874,-6.1906365828,-5.37201549844,-4.9494618479,-4.53380139357,-3.74731178999,0.0162680161804
v_subj(0.1).493,-3.4577552602,0.432024963641,-4.32211131577,-3.74447111302,-3.44711368757,-3.15627363426,-2.60943096737,0.010266987649
v_subj(0.1).494,-4.32383712015,0.449572592239,-5.17350319794,-4.62179921085,-4.33563426278,-4.01270431012,-3.4475374752,0.0127523770553
v_subj(0.2).374,-2.99828319639,0.356439855308,-3.70374504477,-3.24137887472,-2.99538972375,-2.75525249697,-2.29953815754,0.00943293617893
v_subj(0.2).474,-3.18838471446,0.410821499047,-3.97398496373,-3.47044248669,-3.18575070725,-2.89533064306,-2.39256954416,0.0111492311332
v_subj(0.2).475,-3.47497761049,0.42179373725,-4.29923687277,-3.75738013631,-3.47525239865,-3.19003722938,-2.66053940278,0.0112694339569
v_subj(0.2).476,-3.38083056924,0.361783131615,-4.08254838234,-3.63150673974,-3.3824869086,-3.14460755746,-2.65949705077,0.00988643098261
v_subj(0.2).478,-3.81366968462,0.47486286298,-4.75257120528,-4.11769278816,-3.80506615459,-3.5009249716,-2.86271999607,0.0136659912835
v_subj(0.2).479,-3.06885735333,0.355011264015,-3.77941595133,-3.2994872193,-3.07006776634,-2.83028505667,-2.39402578555,0.00899795689864
v_subj(0.2).480,-3.10829023039,0.361304899738,-3.83397703115,-3.34689244506,-3.11375899013,-2.85774355411,-2.40766924534,0.0109593155232
v_subj(0.2).481,-2.86656621508,0.440866538334,-3.76359636394,-3.16326639853,-2.85176585463,-2.56755335195,-2.02021256121,0.0111818193874
v_subj(0.2).482,-1.52725325781,0.328601765687,-2.1912634901,-1.75422116432,-1.52011719816,-1.30903312789,-0.898684757719,0.00797235162933
v_subj(0.2).483,-3.70147286164,0.364313058057,-4.4331693138,-3.94972783396,-3.69075924976,-3.46009940077,-3.00682480308,0.0113371108574
v_subj(0.2).484,-2.7905143918,0.367839356135,-3.50776398516,-3.05137237107,-2.79735210309,-2.53370601697,-2.08179570252,0.010019457868
v_subj(0.2).485,-3.12431590876,0.3572126268,-3.82715102085,-3.36299810216,-3.13059073823,-2.87579255872,-2.43014981741,0.00978771466885
v_subj(0.2).486,-3.18636833961,0.332311938799,-3.84102450017,-3.39957870712,-3.18503440497,-2.96886894755,-2.5350945677,0.00892785813477
v_subj(0.2).487,1.71501960133,0.407543110509,0.92878834029,1.43661956498,1.71684417654,1.98289684805,2.5220649939,0.010396900616
v_subj(0.2).488,-2.80840418701,0.444397903085,-3.75905385162,-3.10240640871,-2.78506238249,-2.50798861007,-1.95935627484,0.0105893986849
v_subj(0.2).489,-0.272586754227,0.436530728538,-1.13907492161,-0.565613229271,-0.271732890953,0.0269577690812,0.587909107233,0.00973010381886
v_subj(0.2).492,-4.12046120112,0.553804564793,-5.19832067803,-4.49153795099,-4.11296007446,-3.75981273674,-2.9995518326,0.0165784350156
v_subj(0.2).493,-1.93368559342,0.387854329661,-2.71975439837,-2.20158648944,-1.92664669176,-1.67295071083,-1.20931862445,0.00991160460506
v_subj(0.2).494,-3.51778343925,0.404459247245,-4.33593154318,-3.7953855926,-3.51192058452,-3.23781235946,-2.7632484607,0.0109012618791
v_subj(0.3).374,-3.00193969424,0.355128450983,-3.72797498093,-3.23218017721,-3.00216227094,-2.77248445307,-2.28725185909,0.0076527318127
v_subj(0.3).474,-3.04540884306,0.405993713418,-3.85086692138,-3.31722309814,-3.02684899607,-2.77894273035,-2.2534130387,0.0104619878813
v_subj(0.3).475,-2.17213569344,0.443853226688,-3.03157533601,-2.46236082721,-2.17241067948,-1.87168420779,-1.29888459661,0.010980428959
v_subj(0.3).476,-3.02536672944,0.368526812448,-3.74779012711,-3.27207815088,-3.02565985223,-2.77883101193,-2.31164741917,0.00952881013594
v_subj(0.3).478,-3.48835195716,0.474999224054,-4.41418835369,-3.81669431528,-3.48354906235,-3.16517383558,-2.54698469167,0.012581022997
v_subj(0.3).479,-3.15715800145,0.347296762956,-3.84401135621,-3.37873781756,-3.1633449745,-2.93038511673,-2.48263500318,0.010529492969
v_subj(0.3).480,-2.65605947854,0.363910207474,-3.37128062274,-2.90265292352,-2.65056030204,-2.40338581121,-1.94884015015,0.0104014297556
v_subj(0.3).481,-2.43270460861,0.378060517098,-3.18427181711,-2.68090677801,-2.44065974352,-2.16924750034,-1.69304285737,0.0110007233995
v_subj(0.3).482,-1.43664316754,0.334356587334,-2.08675225468,-1.66549823657,-1.43266722178,-1.21351705736,-0.780707654787,0.00772399223078
v_subj(0.3).483,-2.37312243064,0.33762742591,-3.02740418025,-2.60058581672,-2.35671509369,-2.1444933794,-1.73834369903,0.0105432660536
v_subj(0.3).484,-1.90705306642,0.38970675473,-2.66014879812,-2.16310200912,-1.900800632,-1.64973767981,-1.10875948636,0.00952889685961
v_subj(0.3).485,-2.30481281741,0.350098320088,-2.96248584453,-2.53505692971,-2.3160552469,-2.0665352032,-1.6095478124,0.00923374618694
v_subj(0.3).486,-2.7081205911,0.311501426782,-3.3262124359,-2.91575752098,-2.71053914443,-2.48262249238,-2.11682176474,0.00895496466515
v_subj(0.3).487,1.64307494085,0.412648533179,0.830558066193,1.37254770603,1.64040589218,1.9228543026,2.43365891653,0.0111462738269
v_subj(0.3).488,-1.10169987482,0.372442825202,-1.81770378677,-1.36344057473,-1.10106879664,-0.839302908115,-0.4023422307,0.00895937039684
v_subj(0.3).489,-0.335455107608,0.391208356911,-1.12120599478,-0.593941169101,-0.337730157602,-0.0604761708541,0.40495179373,0.0088638599281
v_subj(0.3).492,-4.08135087292,0.622437459779,-5.31131477699,-4.50633875644,-4.0647566217,-3.64875577942,-2.89312468246,0.0169434173633
v_subj(0.3).493,-1.25249104445,0.362535922409,-1.9519352241,-1.50051463085,-1.25080528453,-0.992969389347,-0.560278825126,0.00875816217745
v_subj(0.3).494,-3.06649946549,0.384968049366,-3.82199998394,-3.32415236572,-3.06220948903,-2.8137261566,-2.2931302151,0.0103167427312
v_subj(1.0).374,-3.33057823194,0.401705964328,-4.10156710715,-3.58945553559,-3.33412448296,-3.05012212503,-2.54709542439,0.0103020607836
v_subj(1.0).474,-4.23175605367,0.470896522064,-5.11689502909,-4.55439863114,-4.2348395242,-3.92100896111,-3.28032379311,0.0120919523253
v_subj(1.0).475,-4.87939633168,0.515213721445,-5.87165328757,-5.24548747154,-4.88049358977,-4.51511905094,-3.95789784632,0.0140370200091
v_subj(1.0).476,-2.79385154582,0.349922020702,-3.48472644786,-3.02198325007,-2.79717909841,-2.56205131562,-2.12432819711,0.00907773497825
v_subj(1.0).478,-2.89296930744,0.372225015432,-3.6009204715,-3.15230719299,-2.89411793181,-2.63114984782,-2.16454100647,0.00933112963257
v_subj(1.0).479,-3.85875988769,0.411278536579,-4.67947251602,-4.11729318775,-3.85617405517,-3.58232661943,-3.06453081296,0.0125134801597
v_subj(1.0).480,-3.50902056991,0.493124316378,-4.47433072189,-3.83698560038,-3.49383136655,-3.15839622868,-2.55664622142,0.0153442088482
v_subj(1.0).481,-2.61474199813,0.400884606078,-3.42061534075,-2.88121736781,-2.61633476706,-2.34545697626,-1.81958563028,0.0112869208706
v_subj(1.0).482,-1.87600087926,0.364858721108,-2.57912297781,-2.11599356594,-1.87940517143,-1.63516401398,-1.16405845578,0.00927383273213
v_subj(1.0).483,-4.52261067904,0.398686325103,-5.31403271858,-4.77679653762,-4.51909618583,-4.26176563724,-3.71993199164,0.0132643779977
v_subj(1.0).484,-3.46901851858,0.397702680658,-4.24631634867,-3.74188585994,-3.46492539419,-3.19687654929,-2.70116013149,0.0094834143356
v_subj(1.0).485,-3.01208922339,0.420372161501,-3.83511196602,-3.30545390394,-3.00699249775,-2.71919619252,-2.20270247954,0.0090973063396
v_subj(1.0).486,-1.78400637321,0.332506708629,-2.43393281113,-2.00381510723,-1.78895282505,-1.55188522705,-1.12698914539,0.00782966628554
v_subj(1.0).487,0.236845674885,0.434008288924,-0.582680457081,-0.0494846810602,0.229906050223,0.514426381915,1.08899814359,0.0113982102313
v_subj(1.0).488,-2.19601655719,0.366063911845,-2.89294427542,-2.4512980586,-2.19872788363,-1.94832514368,-1.4816542343,0.00890894113073
v_subj(1.0).489,-1.42541501721,0.408948974909,-2.2326836638,-1.69639415902,-1.42034751513,-1.15338575531,-0.605466975334,0.00979756862494
v_subj(1.0).492,-4.92578231177,0.646638650629,-6.18520331645,-5.35444457389,-4.92274160782,-4.48779010181,-3.67190684771,0.015325766122
v_subj(1.0).493,-2.63394651565,0.370472426524,-3.3662868311,-2.88357883446,-2.63339180564,-2.3893517552,-1.89467646807,0.00995743469721
v_subj(1.0).494,-5.04435590776,0.471030480647,-5.93974242174,-5.35005307624,-5.05106489596,-4.7298829937,-4.10636970034,0.0128807000868
v_subj(1.1).374,-3.66769482143,0.393480646714,-4.38998498906,-3.94376185615,-3.68417954774,-3.4082650728,-2.85016907414,0.00979530775433
v_subj(1.1).474,-4.19019026305,0.534674285381,-5.28180688794,-4.53860628137,-4.18345649254,-3.82919946476,-3.17597037307,0.0131412862469
v_subj(1.1).475,-4.21029545265,0.44957930504,-5.14229051493,-4.4996720905,-4.21347873769,-3.91291112108,-3.33794761816,0.0112561752016
v_subj(1.1).476,-2.462260506,0.318913561104,-3.11043377342,-2.6651275239,-2.45656357722,-2.24893163174,-1.84774191126,0.00840756727755
v_subj(1.1).478,-3.33092981652,0.422750592527,-4.19381636988,-3.60532458741,-3.33950336215,-3.05188029415,-2.50538572309,0.010531425816
v_subj(1.1).479,-3.24183437096,0.360727502298,-3.95921357699,-3.48196300371,-3.24569084434,-2.99872004515,-2.53339989242,0.00963194096271
v_subj(1.1).480,-3.37942068334,0.449684906499,-4.28289782397,-3.68765530511,-3.36928416966,-3.08167448087,-2.48101236462,0.0121314886103
v_subj(1.1).481,-1.90588767363,0.352182483079,-2.63049197172,-2.14790761033,-1.8784008548,-1.65464339209,-1.27243178566,0.0081300958403
v_subj(1.1).482,-1.93320131374,0.362945196868,-2.63400190281,-2.17956345176,-1.92529833075,-1.68788941574,-1.2298832134,0.00931276210024
v_subj(1.1).483,-4.43022951228,0.406614217695,-5.19892830582,-4.71245316896,-4.43756831398,-4.15646492709,-3.6238462367,0.0113986647765
v_subj(1.1).484,-3.62545558931,0.394989503737,-4.41574177397,-3.87720196209,-3.61899263971,-3.36303954129,-2.86364904996,0.0110207265512
v_subj(1.1).485,-3.61133697817,0.456968253312,-4.50434088403,-3.92557201086,-3.6118393358,-3.30482592145,-2.72378725751,0.0117171040868
v_subj(1.1).486,-2.04111616977,0.33841588289,-2.72346228447,-2.27185165158,-2.03639644616,-1.80662671917,-1.40071473305,0.00955500136087
v_subj(1.1).487,-0.513759070878,0.422267790883,-1.3094489093,-0.802355033295,-0.508942713,-0.238848631465,0.312748149561,0.0106985921411
v_subj(1.1).488,-1.94410128621,0.346824408296,-2.62835609075,-2.16551135891,-1.94357301312,-1.69794817653,-1.26230433554,0.0092331963749
v_subj(1.1).489,-1.45931682675,0.420219641686,-2.30027887363,-1.74524428906,-1.44723570822,-1.17227493965,-0.619570421687,0.0106428560834
v_subj(1.1).492,-3.90090876392,0.554163176847,-4.97545650394,-4.26496660356,-3.91336023186,-3.52225255547,-2.80153286461,0.0128482691635
v_subj(1.1).493,-1.84995070243,0.385450321158,-2.58994308143,-2.12018476095,-1.84075627685,-1.58277550088,-1.11509026191,0.0097662318527
v_subj(1.1).494,-4.49757765111,0.470801235442,-5.42058005743,-4.82720273703,-4.48222362988,-4.18501045442,-3.57573542087,0.0146330677782
v_subj(1.2).374,-3.0039038028,0.413897469659,-3.84193551648,-3.28275687397,-2.99607315461,-2.732298368,-2.17972704441,0.00952263355708
v_subj(1.2).474,-3.18818097632,0.404449603157,-3.99298786114,-3.46329538871,-3.17736879157,-2.90928903451,-2.42098233672,0.0105658146806
v_subj(1.2).475,-4.11524292575,0.417254692705,-4.92655744641,-4.3881403209,-4.13396694476,-3.83262887588,-3.28246433447,0.00958796861619
v_subj(1.2).476,-1.27204399851,0.310037046827,-1.87287533032,-1.48744054066,-1.26259579483,-1.06485272124,-0.672430186577,0.00712082506153
v_subj(1.2).478,-3.29924196975,0.398295201219,-4.07354918691,-3.56396425214,-3.30576223792,-3.04172389683,-2.50635144155,0.00992527154535
v_subj(1.2).479,-3.26468811702,0.386962293719,-4.02301922555,-3.54453892733,-3.25949308954,-2.99324575003,-2.53473116941,0.0102116146394
v_subj(1.2).480,-2.69142127198,0.403202733725,-3.48252467954,-2.95342959373,-2.68128006399,-2.42867810527,-1.90240861013,0.0108532412181
v_subj(1.2).481,-2.39005971766,0.427915497971,-3.24742261414,-2.67539036553,-2.36777721061,-2.0984314702,-1.58834081037,0.0104236211092
v_subj(1.2).482,-1.34075218538,0.33363008894,-2.00357196123,-1.56421789594,-1.34272464586,-1.11761110349,-0.67344419758,0.0091286717693
v_subj(1.2).483,-3.60144230967,0.375231623853,-4.31765730548,-3.86773585544,-3.59613069472,-3.34426771854,-2.8649479606,0.0122808439149
v_subj(1.2).484,-3.08761673512,0.385507734753,-3.84445217443,-3.34843668851,-3.08155477364,-2.8300664607,-2.32579707969,0.00959880286942
v_subj(1.2).485,-2.93093116188,0.422566741012,-3.77549172383,-3.20490840465,-2.92837394857,-2.65076149168,-2.11220142299,0.00964340092585
v_subj(1.2).486,-1.47811210277,0.290882757874,-2.04417861834,-1.67296980223,-1.4787269443,-1.27570501501,-0.907961574097,0.00790558295655
v_subj(1.2).487,0.213953151179,0.420191571017,-0.589859103946,-0.0724993683872,0.214902182643,0.497479397094,1.04892406667,0.0112572396199
v_subj(1.2).488,-0.78461564089,0.323177538424,-1.42526904848,-1.00064893593,-0.770160847425,-0.567426933127,-0.137143969321,0.00882329769044
v_subj(1.2).489,-1.43257508853,0.377025244311,-2.19168782111,-1.68520990104,-1.43870134585,-1.17904090634,-0.671829745764,0.00736387856473
v_subj(1.2).492,-1.92743726181,0.543713150048,-2.98356078232,-2.30389825156,-1.93335104835,-1.55855760126,-0.864303786268,0.0133170035028
v_subj(1.2).493,-1.30736112499,0.326753481392,-1.96182363844,-1.52193942734,-1.30614246152,-1.07964623562,-0.695676295697,0.00767837402339
v_subj(1.2).494,-4.35440860246,0.45251734426,-5.21921502003,-4.66488300372,-4.36364795734,-4.04505852824,-3.45236682636,0.0124021102185
v_subj(1.3).374,-3.75178351143,0.427183624287,-4.61973754309,-4.02165030509,-3.73974134376,-3.46482228547,-2.939735021,0.0110656181945
v_subj(1.3).474,-2.53189978386,0.363709269949,-3.2244354906,-2.79000098924,-2.52710138163,-2.27217399857,-1.83699644659,0.00928774587001
v_subj(1.3).475,-3.79474638312,0.410232149437,-4.60820352124,-4.06118100371,-3.79724251877,-3.52958611789,-2.98865111176,0.0102761953796
v_subj(1.3).476,-0.465066259498,0.265680012715,-0.984489032005,-0.639786578133,-0.462060328173,-0.282405673513,0.0327285696682,0.00620313307878
v_subj(1.3).478,-2.64907821311,0.386040873703,-3.40652247431,-2.90882227607,-2.65818224154,-2.38730687303,-1.90309904181,0.00839010800906
v_subj(1.3).479,-2.75868389676,0.342080809378,-3.44738631146,-2.97751743479,-2.75387973046,-2.52806019454,-2.09555202681,0.00826080344908
v_subj(1.3).480,-2.53383333158,0.315968271843,-3.15738822597,-2.74417994004,-2.53422031244,-2.31324360014,-1.91114467696,0.00966792393426
v_subj(1.3).481,-2.30099560391,0.38778791086,-3.03797367722,-2.56960838739,-2.29431286443,-2.03868764555,-1.54332831936,0.00994724673935
v_subj(1.3).482,-1.32456374096,0.343327702064,-1.96963981537,-1.561007629,-1.31277191332,-1.08059529036,-0.691066449672,0.00887066325247
v_subj(1.3).483,-3.06966082592,0.34628491108,-3.75096370996,-3.29175868938,-3.07429768822,-2.83686898894,-2.37626271122,0.0110581511961
v_subj(1.3).484,-1.48326826644,0.340806543458,-2.16787906387,-1.70890865624,-1.47947320465,-1.24839265593,-0.816388504672,0.00937987663833
v_subj(1.3).485,-2.84828764563,0.418741912962,-3.66980987701,-3.1288291226,-2.84991340856,-2.55508001791,-2.04400008332,0.00974241253422
v_subj(1.3).486,-1.5238593403,0.316484702287,-2.14099487441,-1.74658078879,-1.52606621176,-1.30082820068,-0.914594233086,0.00841366017231
v_subj(1.3).487,1.24647861774,0.449898747285,0.352106650249,0.957500346988,1.23804718981,1.53824690007,2.13922374543,0.0114508465336
v_subj(1.3).488,-0.912880179545,0.375782467129,-1.65125339388,-1.16990649102,-0.911182863044,-0.669310788472,-0.151278331769,0.00901826712431
v_subj(1.3).489,-0.844697894606,0.363920762515,-1.5734015241,-1.0824127109,-0.840217125186,-0.599978881721,-0.121367629415,0.00924870735647
v_subj(1.3).492,-0.83421001071,0.50712551674,-1.81997737718,-1.18151805907,-0.830536717488,-0.476981354172,0.12857986383,0.0123364886696
v_subj(1.3).493,-0.655283449301,0.316590416819,-1.25543742965,-0.868624013191,-0.664186973588,-0.440498729926,-0.0111030050183,0.00801144101899
v_subj(1.3).494,-3.63359357615,0.394349033295,-4.39713925961,-3.90675482182,-3.62811379534,-3.35618967166,-2.87093464241,0.00896327645796
v_subj(2.0).374,0.338374769594,0.40853584467,-0.464283884736,0.0647620366682,0.340031732343,0.61288995409,1.14233769966,0.00964986993054
v_subj(2.0).474,-2.73859547326,0.47899667458,-3.66366785835,-3.06827475933,-2.73207502983,-2.43171027554,-1.76917333496,0.0141363195545
v_subj(2.0).475,-2.96562242549,0.378545571756,-3.72211231314,-3.21724444745,-2.95991314901,-2.71488600092,-2.24218483818,0.00929270846086
v_subj(2.0).476,-2.07169762244,0.341611923691,-2.76709689952,-2.29289627626,-2.0751867813,-1.83178153352,-1.40689191573,0.00867047106064
v_subj(2.0).478,-2.00183680595,0.468593164408,-2.93311022381,-2.31446274621,-1.99476320077,-1.69562363537,-1.08938989766,0.0120671480448
v_subj(2.0).479,-2.1252120974,0.306875690713,-2.74942325723,-2.33127059004,-2.10530820353,-1.91948929356,-1.54622815173,0.00828224910385
v_subj(2.0).480,-2.12210404748,0.334926042122,-2.78935330093,-2.35403517621,-2.11697458759,-1.88587920861,-1.47746135638,0.00912562505962
v_subj(2.0).481,-2.60805983956,0.427285596993,-3.45853051839,-2.89185729768,-2.60036543615,-2.31391944002,-1.7630159865,0.011287443021
v_subj(2.0).482,-2.15242667393,0.442990113768,-3.00048610248,-2.45616957484,-2.14552830134,-1.85772436864,-1.29873123956,0.00932438370489
v_subj(2.0).483,-2.13005535397,0.303535139157,-2.73717103426,-2.33224529613,-2.12421975115,-1.92568397693,-1.5517760111,0.00844047103065
v_subj(2.0).484,-1.78480119074,0.337451564846,-2.46248559072,-2.01372719684,-1.77251818932,-1.55116263891,-1.13940579456,0.00910116115364
v_subj(2.0).485,-1.67199854083,0.429864048618,-2.54402035187,-1.95458350012,-1.66694548374,-1.39503933763,-0.833330812688,0.00983268262672
v_subj(2.0).486,-1.74275705277,0.38057020999,-2.49946702833,-1.99565048969,-1.74121091491,-1.48687494074,-0.962631458971,0.00983794124766
v_subj(2.0).487,0.649249366528,0.30774874338,0.0763826635002,0.423977251139,0.64054237528,0.866318513838,1.2570582135,0.00704376208953
v_subj(2.0).488,-0.990350414895,0.324400720707,-1.62209220637,-1.21599615324,-0.983248545515,-0.763940425296,-0.375192826775,0.00819863208863
v_subj(2.0).489,0.442383942095,0.350495068248,-0.233530268119,0.194486246256,0.445146711285,0.680367120996,1.12669174451,0.00965074110737
v_subj(2.0).492,-2.39179824222,0.587227738453,-3.4904865477,-2.8142142253,-2.38048573684,-1.98252774676,-1.20704914169,0.0152945950638
v_subj(2.0).493,-0.421165320083,0.445057954004,-1.25765662824,-0.723936188718,-0.42243765624,-0.129030128168,0.45410406216,0.0115667441364
v_subj(2.0).494,-2.72641057194,0.420563991085,-3.55857052826,-3.00213867258,-2.72229359129,-2.4392252102,-1.88521589512,0.0116472644616
v_subj(2.1).374,-0.198440898809,0.406571319861,-0.981657300737,-0.465275758952,-0.198655781833,0.0811795043855,0.588997613424,0.0103251835142
v_subj(2.1).474,-3.33125658634,0.488184938479,-4.27156192525,-3.6652153839,-3.32997178645,-3.00187262192,-2.35500875453,0.0142283421539
v_subj(2.1).475,-2.76507624388,0.366140428842,-3.48167803812,-3.00943108726,-2.75507655378,-2.51078579593,-2.0571344437,0.0100428911143
v_subj(2.1).476,-1.51142118724,0.350987576367,-2.21983676953,-1.75049944167,-1.50977704708,-1.26816036527,-0.807085135299,0.0100092693882
v_subj(2.1).478,-2.46484891439,0.559181110656,-3.55862893736,-2.83703987246,-2.46710154639,-2.09174397662,-1.3648825968,0.0145955854073
v_subj(2.1).479,-2.62742395679,0.367201181824,-3.33968384422,-2.8720122415,-2.63086871293,-2.38357917138,-1.89498836662,0.00931912085869
v_subj(2.1).480,-2.26428828935,0.343291639345,-2.93519867299,-2.49854247933,-2.26601335922,-2.03896716033,-1.56236536649,0.00901901166982
v_subj(2.1).481,-2.65946970271,0.375015890624,-3.37529900576,-2.91042502536,-2.65427554351,-2.40318686528,-1.93231163943,0.00919681974372
v_subj(2.1).482,-2.07925433735,0.399822424378,-2.87107708161,-2.3416232696,-2.0916324737,-1.80475801845,-1.30968946194,0.0100199310085
v_subj(2.1).483,-1.64695713378,0.283194787667,-2.19910189275,-1.84133173092,-1.65021571226,-1.45216088042,-1.08573241118,0.00832236074895
v_subj(2.1).484,-1.87930043034,0.397688352723,-2.6704142539,-2.14034843428,-1.88279412618,-1.61240713472,-1.08284525016,0.0106043923902
v_subj(2.1).485,-0.669846410903,0.473029356671,-1.65865248839,-0.971773857459,-0.6686070911,-0.348319909773,0.221659487859,0.0119235718589
v_subj(2.1).486,-1.75141823827,0.316840288712,-2.40944169111,-1.94621661951,-1.7486900275,-1.54613650117,-1.12928989334,0.00832856045708
v_subj(2.1).487,0.267476481533,0.326889407685,-0.370786845537,0.0506508658994,0.278804663072,0.491900860506,0.906991617067,0.00885828082429
v_subj(2.1).488,-0.0816499394252,0.285702617977,-0.624427298828,-0.284601754041,-0.076615370875,0.109580743564,0.476315268364,0.0068485198642
v_subj(2.1).489,0.101991836974,0.362676448793,-0.637820704856,-0.132806185398,0.0904032152727,0.344708779164,0.832530880883,0.00935906416615
v_subj(2.1).492,-2.92833665554,0.550203016566,-4.02424178045,-3.29073893072,-2.92589176071,-2.55933201073,-1.85361237184,0.0128797161239
v_subj(2.1).493,-0.997953906454,0.43860963415,-1.87602477304,-1.2924972113,-1.01112798431,-0.711220793386,-0.109578603306,0.0123147182163
v_subj(2.1).494,-3.37577061228,0.416705393867,-4.17874178367,-3.65232034583,-3.37261438049,-3.09945851244,-2.55498526441,0.011738940919
v_subj(2.2).374,0.11085381429,0.398446023067,-0.667027737627,-0.143809698401,0.112800290909,0.377549281155,0.919890333571,0.0106904465706
v_subj(2.2).474,-2.66323126365,0.469862693607,-3.54437317063,-2.98243690503,-2.66782892515,-2.35579538866,-1.74829206884,0.0129454404761
v_subj(2.2).475,-2.2780858515,0.34176996646,-2.95173205402,-2.51321421014,-2.27362062882,-2.03943855458,-1.62286761138,0.00865749950014
v_subj(2.2).476,0.175427261991,0.346418608586,-0.499730903746,-0.0571226164409,0.170770535314,0.416875161394,0.862365457021,0.00929651891847
v_subj(2.2).478,-1.53403782276,0.494472472298,-2.52284897776,-1.87080597664,-1.52497484669,-1.18924532589,-0.583303611726,0.0140582009929
v_subj(2.2).479,-2.33935358336,0.323843668944,-2.97715500634,-2.55827807713,-2.34377606008,-2.11714950433,-1.71378769679,0.00852977797757
v_subj(2.2).480,-2.30763658285,0.353964914601,-3.01223146125,-2.54306454352,-2.3055018345,-2.06053914419,-1.61968212922,0.00939584959854
v_subj(2.2).481,-1.06070243586,0.35109743889,-1.73258835577,-1.30595812303,-1.04877966855,-0.831414094827,-0.363947126169,0.00962139602167
v_subj(2.2).482,-2.39572634827,0.388188290809,-3.19421549241,-2.64196823464,-2.39472499047,-2.13549537102,-1.63933122476,0.00977328023877
v_subj(2.2).483,1.32267718948,0.29436952409,0.760603090594,1.11885478342,1.32091433545,1.52849260103,1.88819283977,0.00752155923246
v_subj(2.2).484,-1.27802521699,0.346680648991,-1.95283954013,-1.5244324481,-1.26862543338,-1.04144528293,-0.625511031816,0.0101261387447
v_subj(2.2).485,-0.192481156435,0.371772657498,-0.915022252134,-0.441985405667,-0.207229388277,0.0589036604883,0.55227059702,0.00937391367153
v_subj(2.2).486,-1.18745683033,0.319001782911,-1.82236934238,-1.40770326021,-1.18306463373,-0.972567057915,-0.571200284979,0.00756642788155
v_subj(2.2).487,0.413563363004,0.322598476286,-0.211275410672,0.187242716343,0.408064853592,0.640434507631,1.04233954293,0.00824736369362
v_subj(2.2).488,0.972605133322,0.303156141485,0.372766812736,0.76603917521,0.973617592614,1.17975383163,1.5639344092,0.00656751190377
v_subj(2.2).489,0.15502866905,0.364008319338,-0.551048855309,-0.0993449580216,0.157575873202,0.408835473478,0.872959328015,0.00993155540464
v_subj(2.2).492,0.173686462497,0.540553533858,-0.891616121131,-0.197847672136,0.190463974797,0.536706545334,1.20107661007,0.0109370142351
v_subj(2.2).493,-0.134540263776,0.409032603672,-0.947847591777,-0.41070801599,-0.135409535335,0.156357291388,0.675913133769,0.0114618490983
v_subj(2.2).494,-2.53637876384,0.415436639563,-3.33001254872,-2.82131201314,-2.54362468863,-2.2609287223,-1.73469375427,0.0104262567503
v_subj(2.3).374,0.482948019928,0.417505988992,-0.333246202499,0.211404254311,0.476590648806,0.754675518959,1.31794563003,0.0104443553352
v_subj(2.3).474,-2.19579799399,0.408888424366,-2.99186980917,-2.46597321235,-2.19571110176,-1.92341382723,-1.38633866176,0.0106893264657
v_subj(2.3).475,-1.32001467028,0.309793612511,-1.93478580326,-1.53715227902,-1.3183055973,-1.10705232865,-0.723546935921,0.0073187392796
v_subj(2.3).476,1.47249684486,0.330689430512,0.818704302284,1.24890512911,1.46244018886,1.71412784185,2.10259666701,0.00894752496097
v_subj(2.3).478,-1.94313705223,0.480010110498,-2.88181519922,-2.27400633371,-1.94248224677,-1.60870086373,-0.995443552542,0.0114629200753
v_subj(2.3).479,-1.84115856332,0.301589310725,-2.42542325561,-2.05033699415,-1.8340756713,-1.63384825038,-1.25860632331,0.00716880551623
v_subj(2.3).480,-1.51773262399,0.298963393923,-2.09605818277,-1.72114478505,-1.51938540648,-1.31870900651,-0.924393656521,0.00773697338124
v_subj(2.3).481,-0.240685108132,0.319377253128,-0.891661328837,-0.455483929195,-0.240953045795,-0.0190464278931,0.367772541102,0.00811977407558
v_subj(2.3).482,-1.02887407321,0.345704314234,-1.72865912219,-1.26294655765,-1.018885289,-0.798465445582,-0.358505585042,0.00937727668151
v_subj(2.3).483,1.96834244088,0.308373579566,1.36911185986,1.75708689508,1.96520403552,2.17736484816,2.58247485387,0.00895193992709
v_subj(2.3).484,-0.180886663679,0.320197964697,-0.798265161033,-0.400384649441,-0.172531747731,0.0466289619241,0.428428794611,0.00759917215175
v_subj(2.3).485,0.843632094752,0.402589464339,0.0674366856158,0.571730172331,0.833748632292,1.11059256852,1.65792810877,0.0100095882582
v_subj(2.3).486,-0.249135002306,0.300632002058,-0.840049570639,-0.449609997336,-0.258466652615,-0.0492576936507,0.364796254781,0.00778038191114
v_subj(2.3).487,0.964443958272,0.28485903406,0.416269698873,0.769648534859,0.964751480828,1.15063608821,1.5220738089,0.00609793344313
v_subj(2.3).488,1.35761339881,0.344507993126,0.706706424884,1.11872993745,1.35744426517,1.59098422068,2.05655834677,0.00783992333591
v_subj(2.3).489,0.683795588576,0.354857705215,-0.0312286600226,0.447688568296,0.685677342642,0.92850213344,1.37909562447,0.0090977168938
v_subj(2.3).492,1.80379937418,0.503680686286,0.840564759747,1.45765595213,1.79913251802,2.15983972737,2.78572406367,0.0122285544271
v_subj(2.3).493,1.46220733899,0.380859745281,0.716092538098,1.2124266209,1.45755255935,1.71854381566,2.1993066144,0.00974968987052
v_subj(2.3).494,-1.07855499975,0.372776726045,-1.82248000572,-1.329156159,-1.08576219477,-0.837501976095,-0.332167557664,0.0095446415106
v_subj(3.0).374,0.462642795224,0.371471495243,-0.263051696688,0.202534391632,0.470149886281,0.717209310282,1.15850081381,0.0096251525437
v_subj(3.0).474,-2.80104534622,0.482914429344,-3.75039305477,-3.11700231289,-2.79493621233,-2.47740594412,-1.86253451332,0.012452507443
v_subj(3.0).475,1.60227954776,0.429333985503,0.776249505412,1.31654105085,1.59620599436,1.88754907848,2.46543907986,0.0108559006189
v_subj(3.0).476,2.36238529001,0.461167631909,1.45381999339,2.06611989306,2.34519802189,2.67261621318,3.26354036007,0.0124198990901
v_subj(3.0).478,1.17109241325,0.733822255041,-0.306465787615,0.684643885693,1.16883186597,1.65268202375,2.67218367172,0.0190319181308
v_subj(3.0).479,-1.31008095375,0.33196631013,-1.97113324202,-1.54112949588,-1.30805668335,-1.08388640257,-0.678239920598,0.00754526632191
v_subj(3.0).480,-1.90024209358,0.332138468619,-2.54835444468,-2.12805837047,-1.89903357243,-1.67929549013,-1.24176652698,0.00912546481584
v_subj(3.0).481,-1.30401049772,0.422195674403,-2.122051866,-1.584650436,-1.30872681763,-1.0134514433,-0.486006010296,0.0101030410433
v_subj(3.0).482,-1.22727082644,0.343909139198,-1.93578366374,-1.45876594535,-1.22192680775,-0.993432457677,-0.576852002741,0.00803675955635
v_subj(3.0).483,2.69960448666,0.425453402323,1.88705791853,2.41850716146,2.67837298593,2.96970945394,3.60700452393,0.0135374925001
v_subj(3.0).484,0.661782235363,0.327779302375,0.0280974447641,0.448088730748,0.656981850835,0.871165726662,1.33299411864,0.00750963199674
v_subj(3.0).485,0.0574967533203,0.433914906105,-0.760203825792,-0.236649279467,0.0530692158323,0.359919263212,0.907001240668,0.0113028992911
v_subj(3.0).486,-1.07074990015,0.334359375252,-1.71963074822,-1.30510659969,-1.06201995157,-0.840428763297,-0.408657285685,0.00833622491675
v_subj(3.0).487,2.46365453128,0.47350438152,1.52434005017,2.15268898284,2.45607708988,2.7807683506,3.37521182143,0.0108689483642
v_subj(3.0).488,1.15783195751,0.295002184829,0.594598721426,0.955056119044,1.14785589273,1.3533229336,1.75737583105,0.00709938854283
v_subj(3.0).489,2.18365600264,0.423282156593,1.36017884777,1.89733142677,2.19383021586,2.47140406531,2.99794837197,0.0102454446524
v_subj(3.0).492,0.915193067261,0.547029325307,-0.113014633571,0.556481803902,0.911643815752,1.27772509205,2.03678312603,0.0137006804011
v_subj(3.0).493,1.01882620827,0.415592799294,0.229994088185,0.716729676646,1.01037283676,1.30363011909,1.83041016203,0.0105635591876
v_subj(3.0).494,-2.32180954829,0.38261377184,-3.08059950245,-2.57948981134,-2.31409063759,-2.06161044637,-1.60648079403,0.0103503563518
v_subj(3.1).374,1.81304096288,0.428688092428,0.963239047863,1.52349022258,1.80843851432,2.10270276179,2.63552937199,0.0101273632775
v_subj(3.1).474,-2.40140422898,0.449661755851,-3.25627382632,-2.71151479914,-2.39697707749,-2.08950825262,-1.52717934425,0.0120162644188
v_subj(3.1).475,0.617125947359,0.40409959788,-0.146052982663,0.329498935727,0.612990190526,0.904554918918,1.38800056627,0.010703871862
v_subj(3.1).476,2.81810580908,0.446852559951,1.97301041924,2.51063913174,2.81267312139,3.13056168184,3.71390361446,0.0133867994351
v_subj(3.1).478,1.74035538811,0.660816894974,0.488387490092,1.30398478743,1.73202600891,2.18457185163,3.03574306251,0.018029229197
v_subj(3.1).479,-1.02868364261,0.348035427354,-1.65922331466,-1.26765784292,-1.03488509332,-0.796806849792,-0.330702754455,0.00791954504605
v_subj(3.1).480,-2.73641078719,0.395273319139,-3.51761379298,-2.99948716177,-2.73764848404,-2.4666560892,-1.96738978901,0.011579552734
v_subj(3.1).481,-1.03562689437,0.406858741398,-1.8501072,-1.31471941207,-1.04606327384,-0.757265179545,-0.248144579689,0.0112673862528
v_subj(3.1).482,-1.43799356944,0.35199792712,-2.115942851,-1.67439042005,-1.43809271762,-1.19845498547,-0.745233087026,0.00838482709873
v_subj(3.1).483,3.15454620034,0.43542601088,2.32250932333,2.85008555166,3.14646516824,3.45862207503,4.0081707397,0.0138061092643
v_subj(3.1).484,1.20452131137,0.359128058334,0.487452935233,0.971544052344,1.20723742114,1.43541056581,1.95699208787,0.0087058838095
v_subj(3.1).485,0.196814316994,0.427216395317,-0.650459624662,-0.0985451436734,0.213972916402,0.499501552834,1.01145922028,0.0104360239505
v_subj(3.1).486,-0.657234547675,0.325451988128,-1.31274478043,-0.874599958738,-0.648346913244,-0.436958994362,-0.0309101283448,0.0100423821435
v_subj(3.1).487,2.72519812915,0.468855841209,1.85923054958,2.40621884988,2.71618314068,3.03274891056,3.68413378595,0.0114412308442
v_subj(3.1).488,1.45600143547,0.294257634597,0.875300840208,1.261155336,1.45926056616,1.64715386995,2.03626231804,0.00629545457823
v_subj(3.1).489,1.35889091013,0.448021538545,0.470463195088,1.05762800816,1.34954674771,1.65828888505,2.21687820697,0.0108010786948
v_subj(3.1).492,1.06479535522,0.546565395227,-0.0054861923323,0.708904592345,1.06325292768,1.42069130259,2.13733300168,0.0157194011247
v_subj(3.1).493,0.790858012607,0.400536034525,0.0232371379391,0.505028321566,0.807189946671,1.07748304464,1.54425382882,0.0103807512899
v_subj(3.1).494,-1.92210616126,0.386277749724,-2.6736329275,-2.19380867179,-1.91350956165,-1.65621875463,-1.16397136683,0.0101043245707
v_subj(3.2).374,0.983578272259,0.388954526391,0.248796789003,0.710685614889,0.980002951262,1.25543950697,1.73498404792,0.00972153943203
v_subj(3.2).474,-2.6107992331,0.428583386979,-3.44302370482,-2.89371299684,-2.60735189438,-2.30486262853,-1.80989760403,0.0125377362628
v_subj(3.2).475,2.35248527513,0.434537696526,1.501766415,2.06010657639,2.34304121176,2.6530977379,3.20329404529,0.0118105925061
v_subj(3.2).476,4.28091178954,0.489647751872,3.30802526173,3.94532694458,4.27764312259,4.60923181806,5.30117168685,0.0133406482134
v_subj(3.2).478,2.4591857337,0.681783400783,1.2169668952,1.96952333579,2.45715388484,2.9065255716,3.82241497362,0.0165205352294
v_subj(3.2).479,-0.829824166279,0.307420371728,-1.43053884626,-1.03907625501,-0.826004987442,-0.627635961769,-0.227680838651,0.00783554124071
v_subj(3.2).480,-1.85308912042,0.341831141971,-2.5405062218,-2.07724465168,-1.8454083903,-1.6332929549,-1.17328993102,0.00861327524669
v_subj(3.2).481,0.791840961119,0.418009550448,-0.0130241243696,0.515131500635,0.79575821237,1.06091528486,1.61293120164,0.0114408127349
v_subj(3.2).482,-1.2392425009,0.343054026471,-1.92667811203,-1.47035587802,-1.24563603193,-1.00644289037,-0.568773060791,0.00947112487495
v_subj(3.2).483,3.61437373058,0.382400037501,2.88315301695,3.35251209192,3.62035238775,3.8751578793,4.36110175293,0.01237925667
v_subj(3.2).484,0.648768710896,0.309571543871,0.0264203106591,0.446491408277,0.649123473841,0.860128741589,1.25320369733,0.00825449700394
v_subj(3.2).485,0.261651300006,0.408891876576,-0.51136053261,-0.0170897516014,0.265208254442,0.529010804606,1.0672932326,0.0108063228977
v_subj(3.2).486,-0.716190196578,0.336114277425,-1.38840681183,-0.938464043677,-0.707737023534,-0.502808092581,-0.0363435207619,0.00743901233281
v_subj(3.2).487,1.72125853528,0.410005304347,0.908238489894,1.44652387927,1.72614383808,2.00548438023,2.50061180179,0.0103785826419
v_subj(3.2).488,1.91211122856,0.322804222377,1.28625835079,1.69126553672,1.90697087444,2.1324881827,2.55791959012,0.00751293193685
v_subj(3.2).489,1.72758080131,0.456593846522,0.876240270377,1.41130521824,1.71641273791,2.01481587714,2.66055413842,0.0122473869089
v_subj(3.2).492,2.11108425557,0.574772460537,0.991940955048,1.71035905659,2.09730610901,2.51229441515,3.23499138764,0.0159305351434
v_subj(3.2).493,2.10487216212,0.387622872555,1.33035046906,1.84083340463,2.10154513954,2.36524418436,2.88276523875,0.00937589853954
v_subj(3.2).494,-0.771181751436,0.348108595565,-1.46281674039,-0.986963184449,-0.767306280285,-0.543911902606,-0.0673518659424,0.0093590177886
v_subj(3.3).374,1.20081206398,0.389151309607,0.440406838346,0.935188943975,1.19946286091,1.46200408151,1.98751583836,0.00919754984476
v_subj(3.3).474,-1.97934896377,0.440858513667,-2.81699738594,-2.27943079459,-1.98673541331,-1.66660063904,-1.11292784271,0.012692755193
v_subj(3.3).475,2.37718423728,0.418855779375,1.57988893755,2.08320209391,2.38760728897,2.66468423888,3.15185885493,0.0103659859987
v_subj(3.3).476,3.75628956938,0.472905402101,2.85508409352,3.43391651105,3.76276185084,4.07153935842,4.70645478311,0.0132433411983
v_subj(3.3).478,2.51723717734,0.717151333373,1.09709506428,2.03523281119,2.49435606532,2.98761901841,3.92444305339,0.0186507943938
v_subj(3.3).479,-0.49136998208,0.31095709693,-1.09678288505,-0.700347912812,-0.480314851253,-0.279998020745,0.105441292537,0.00825689740882
v_subj(3.3).480,-1.9741656088,0.306890024687,-2.59155922678,-2.16948825927,-1.96035994406,-1.77157858915,-1.3676027642,0.008217992904
v_subj(3.3).481,1.40787242142,0.363193212253,0.691323667269,1.16059863754,1.41106354065,1.6489715086,2.10436965194,0.00927136731219
v_subj(3.3).482,-0.797224812417,0.314308472873,-1.42660034952,-1.00391667981,-0.795655208908,-0.586729286478,-0.187274180811,0.00673949370886
v_subj(3.3).483,3.89278136016,0.391690428612,3.12335552318,3.61885549323,3.89766751672,4.1619433641,4.6535635896,0.0116891382788
v_subj(3.3).484,1.45107044671,0.339386864053,0.806684697355,1.21932272019,1.44815124224,1.67739541895,2.13418326644,0.00897286353651
v_subj(3.3).485,1.23506135899,0.423730391136,0.423341014342,0.950045387813,1.23951483512,1.52205108329,2.05136170408,0.0112233516596
v_subj(3.3).486,-0.0700628585396,0.307211799708,-0.685514386328,-0.278675725238,-0.0587694278294,0.13571822738,0.530428955654,0.00795050782767
v_subj(3.3).487,2.91503876379,0.456385356208,2.03839330237,2.60444092804,2.91759784017,3.22281869643,3.8481248056,0.0113892469579
v_subj(3.3).488,1.96725603224,0.31409855453,1.34224916843,1.76160561294,1.96729019253,2.17461031505,2.57806970861,0.00802319107215
v_subj(3.3).489,1.3839517323,0.423292835461,0.512886954376,1.09829210216,1.38013492866,1.66934974263,2.23432908424,0.00990167784823
v_subj(3.3).492,3.34041389555,0.543498571693,2.27396743679,2.96278889166,3.35622423459,3.71431381213,4.38900118235,0.0138393361938
v_subj(3.3).493,2.14401608955,0.356118269782,1.44692783189,1.91077676959,2.13921524744,2.39551971063,2.8329217501,0.00905576355953
v_subj(3.3).494,-1.38588633064,0.356748820943,-2.1108713347,-1.61100307584,-1.38896839871,-1.14072836137,-0.713391720447,0.0082683841942
t,0.0831452539985,0.00651870011539,0.071063494411,0.0788971563396,0.0828304226608,0.0870469936963,0.0970025768088,0.000211504687428
t_std,0.0264402984184,0.0057941315743,0.0180143151943,0.0223892761551,0.0254988170446,0.0294189955166,0.0401070646935,0.000205157531902
t_subj.374,0.0594192578299,0.0019194228567,0.05542390291,0.0582112197003,0.0594257166628,0.060730376403,0.0631908210652,7.20254597387e-05
t_subj.474,0.0521625210512,0.00232687588155,0.0474542767926,0.0506363907255,0.0521367798472,0.0538232002797,0.0566084111183,9.43507424416e-05
t_subj.475,0.0572762591875,0.00218714170651,0.0530844439815,0.0558699021371,0.0572535877319,0.0586480169999,0.0616814164731,8.31188051452e-05
t_subj.476,0.0909846099446,0.00302489308409,0.0845289433004,0.0890241279448,0.0910727575421,0.0931341502634,0.0965884162701,0.000132835293718
t_subj.478,0.0540953386871,0.00205652866989,0.0496734017649,0.052751651738,0.0542069021216,0.0555457483191,0.0578109114817,8.87198676578e-05
t_subj.479,0.0609643421995,0.00318255204517,0.0548181927054,0.0588778822202,0.0609280893292,0.0630448345532,0.0674051638875,0.000108927826958
t_subj.480,0.107628330869,0.00580794462051,0.097079469331,0.10390608474,0.107220055959,0.111529006146,0.118225231846,0.0003324399638
t_subj.481,0.0663050958509,0.0038893586194,0.0592313103824,0.063240739231,0.0661387341852,0.069313928559,0.0736242695675,0.000166185134836
t_subj.482,0.143102676557,0.00393321691984,0.135000560644,0.14085511005,0.143180139409,0.145369206917,0.150776150953,0.00017721926749
t_subj.483,0.093452050728,0.00418336099737,0.085677150867,0.0906035547576,0.0934268517868,0.0960820207706,0.101932878742,0.000208976739571
t_subj.484,0.0934067479806,0.00360449354293,0.0858907414728,0.0910723062374,0.0934543653277,0.0959606057157,0.0999690794386,0.000150190910974
t_subj.485,0.0559099697693,0.00221253984528,0.0512311424889,0.0545308961562,0.0559927762881,0.0573870304511,0.0601174904331,7.46159870313e-05
t_subj.486,0.116015341886,0.00378386619271,0.108571523872,0.113395790695,0.116354419208,0.118832195426,0.12247157449,0.000150736863318
t_subj.487,0.0951553137384,0.00361028719743,0.0893319181542,0.0926384707848,0.0946661670589,0.0966530473715,0.103511215492,0.0001874770152
t_subj.488,0.0656317689572,0.00443294790524,0.0565167587471,0.0622046149127,0.0664552772803,0.069140375239,0.0724419577301,0.000207858252099
t_subj.489,0.0916752428432,0.0012763457844,0.0890939217447,0.0908964888184,0.0917562782761,0.092508943713,0.0940513538406,3.79305196683e-05
t_subj.492,0.0639967904616,0.000944664543303,0.0619884413826,0.0633746831852,0.064061847238,0.0646650840298,0.0656636968827,2.88981191954e-05
t_subj.493,0.0815465723288,0.00230288599817,0.0775598541512,0.079981911374,0.0813616466839,0.0830060890829,0.0864275150143,8.8314331417e-05
t_subj.494,0.0856036134316,0.00239417186244,0.0805217481323,0.0840250520784,0.0857814501108,0.0872442116674,0.0899778074251,0.000102441762733
z(0),0.583466518969,0.0104544608033,0.562238929738,0.576446422899,0.583417155726,0.590491631819,0.603818804118,0.000467409848947
z(1),0.557278935939,0.0102704927709,0.538370825739,0.550244455806,0.557173439815,0.564019653884,0.578559486186,0.000461736404169
z(2),0.523744533018,0.00984948336541,0.504139765943,0.517221724116,0.523745736527,0.530488000261,0.542917157355,0.000392231141481
z(3),0.515510136428,0.00997307694822,0.496568110213,0.508981905431,0.515302849994,0.522210311048,0.534986613008,0.000409583463594
z_std,0.125261160346,0.0169120929371,0.0943797535161,0.11342647969,0.124956409595,0.136456089855,0.158655193947,0.000937064408545
z_subj(0).374,0.603788502389,0.0217139566908,0.561686206199,0.589666333854,0.604245319821,0.618229503063,0.647466289215,0.000683960079428
z_subj(0).474,0.5865077884,0.0218353605677,0.544313303981,0.571546523024,0.586729441494,0.601396424748,0.629654924055,0.000735462203786
z_subj(0).475,0.591506855581,0.02215814839,0.547043970639,0.576740817821,0.590547805838,0.6059261602,0.635884564699,0.000736039314713
z_subj(0).476,0.580447763747,0.0223740394712,0.536934016988,0.56488188686,0.580767742222,0.59535446085,0.625902511259,0.000859726672851
z_subj(0).478,0.577276888611,0.0223238134,0.532875416134,0.562110401885,0.577718598978,0.592083776537,0.621030151192,0.000791777244802
z_subj(0).479,0.601316264083,0.0219935857531,0.557063921324,0.586508969739,0.601653663977,0.616217072306,0.643780612903,0.000772158998459
z_subj(0).480,0.599894480095,0.0258442751409,0.546353505376,0.583348277104,0.600429138379,0.617998084689,0.646903866009,0.00115262983434
z_subj(0).481,0.572179000125,0.0240200627564,0.523590581182,0.556638908314,0.572183113063,0.588541309837,0.617600773342,0.000847807723689
z_subj(0).482,0.562023044155,0.0228848765539,0.517984785626,0.546453565724,0.561886295489,0.577188581704,0.606702720938,0.000738402973172
z_subj(0).483,0.573929230462,0.0237506045645,0.528607130041,0.557381954972,0.573302543326,0.590653832933,0.62003618392,0.00103503727358
z_subj(0).484,0.583857101943,0.0228358276424,0.539569408858,0.56883148027,0.584147369496,0.599701774402,0.627136638941,0.000768057890039
z_subj(0).485,0.585031953573,0.0222660432572,0.540031557653,0.570030278073,0.585794762583,0.600357433931,0.627092950509,0.000762578049759
z_subj(0).486,0.620318589069,0.0216630590066,0.579848850155,0.606034214865,0.61975731035,0.634036387465,0.664413815628,0.00082795259774
z_subj(0).487,0.557810285416,0.0214553917097,0.516647536695,0.543392634369,0.558022169922,0.572268125645,0.599019698492,0.000801607356291
z_subj(0).488,0.600764792859,0.0232072644921,0.557555124323,0.584721223655,0.600980779303,0.61689314226,0.645310488989,0.000891227182344
z_subj(0).489,0.567774379903,0.0208101754441,0.526801582946,0.55330777183,0.568323625022,0.581339598629,0.609619219833,0.000654520768969
z_subj(0).492,0.550912931975,0.0226786764751,0.506453715798,0.536043935365,0.55122427003,0.566497511676,0.593272981402,0.000738588067091
z_subj(0).493,0.587635697616,0.0215466585406,0.545084561147,0.573224213882,0.588073138609,0.602325252244,0.628645523103,0.000633240688657
z_subj(0).494,0.578653361966,0.0229733784829,0.533217761521,0.563440799569,0.578022245043,0.594212666215,0.62445854968,0.000833773945528
z_subj(1).374,0.563334103538,0.021342885085,0.522754161207,0.548475872801,0.563125495465,0.577224008418,0.605764066226,0.000672374241506
z_subj(1).474,0.582358949721,0.0238622108287,0.537098424432,0.566331678816,0.582208342382,0.599213947785,0.630379917093,0.000747681311726
z_subj(1).475,0.584153296476,0.0230267782782,0.539524536796,0.568834560336,0.583613647386,0.599940171266,0.627247254855,0.000799716178045
z_subj(1).476,0.537631093355,0.0219447782099,0.496287011385,0.522503542245,0.537428059359,0.552642265607,0.580799422518,0.000688215167355
z_subj(1).478,0.58034453723,0.0214811763723,0.539210523889,0.565947698407,0.58029618181,0.594073227141,0.625101193864,0.000655340559459
z_subj(1).479,0.579882713832,0.0232261460583,0.533332431311,0.564724764564,0.579987867891,0.594900558657,0.625914690038,0.000782011488396
z_subj(1).480,0.574348220316,0.0253917504933,0.525441773451,0.557552211861,0.574453419306,0.591559533424,0.624597298072,0.00101057485576
z_subj(1).481,0.531880009477,0.0232618694714,0.488117660206,0.514911061443,0.531879499667,0.54796309477,0.576458644824,0.00072764176858
z_subj(1).482,0.521761750661,0.0217979563703,0.479425058286,0.507082259193,0.522390699573,0.536880589334,0.562712002755,0.000865970031396
z_subj(1).483,0.561683066645,0.0241498363157,0.514842504798,0.54506448378,0.561503778775,0.578517174625,0.607531143554,0.00101502563882
z_subj(1).484,0.565406983641,0.0220910088835,0.52374761023,0.550339652579,0.565541381309,0.580943287601,0.607558542332,0.000698634852828
z_subj(1).485,0.558268819362,0.0223403995089,0.51339628528,0.54467134329,0.558413467742,0.572557588363,0.600257256982,0.000728189626611
z_subj(1).486,0.539684990931,0.0216343579769,0.495927284801,0.525571549596,0.539470996372,0.554634735621,0.582229396835,0.00072832893924
z_subj(1).487,0.552099652895,0.0222995896872,0.507068912348,0.537265722195,0.552840238364,0.567151139952,0.595751216433,0.000803876588033
z_subj(1).488,0.519208152948,0.02254636015,0.475070671575,0.503455086967,0.519529438731,0.534136407128,0.564528643438,0.00083631385515
z_subj(1).489,0.554819577514,0.0206808855991,0.511658914946,0.541680565075,0.554447752406,0.569199004823,0.594136630798,0.000553012327446
z_subj(1).492,0.565799795258,0.0214864755901,0.523492999303,0.550824703965,0.565773924053,0.580764414511,0.606788146854,0.000654602726264
z_subj(1).493,0.520710605898,0.0215588519857,0.478606749438,0.506312417966,0.520602450391,0.535047792992,0.563934307715,0.000855334370373
z_subj(1).494,0.591475886648,0.0227833711684,0.546700886689,0.57622074481,0.591386550328,0.606491858765,0.636113541186,0.000869366377654
z_subj(2).374,0.527040503146,0.0207831853254,0.485388445208,0.512780913327,0.527173079265,0.541253471715,0.567391197491,0.000601222566548
z_subj(2).474,0.516393738781,0.0228809999027,0.470015068671,0.500988853495,0.516771858494,0.532336975858,0.55974027501,0.000780178089031
z_subj(2).475,0.543124419802,0.0221608187948,0.499393426501,0.528271693978,0.542791395981,0.557927697479,0.586254940479,0.000748451963821
z_subj(2).476,0.522358555132,0.0224862785609,0.477537172278,0.507148045371,0.522145191535,0.536919569805,0.567624012332,0.000816340220213
z_subj(2).478,0.513488096167,0.022472904523,0.468652979884,0.498990123471,0.513720200885,0.528266013034,0.557679202789,0.000758137374636
z_subj(2).479,0.529032644199,0.021885654733,0.486840839538,0.514759896912,0.528559045926,0.543572929718,0.573539368717,0.000715501933413
z_subj(2).480,0.539880389483,0.0227979530839,0.495064985102,0.5251995375,0.539629269843,0.5548335151,0.585996953329,0.000764456632688
z_subj(2).481,0.539003424538,0.0213047713536,0.49820118406,0.525348087358,0.538811595479,0.552683507656,0.582827528417,0.0006709811876
z_subj(2).482,0.520832071286,0.0231120598323,0.475630494951,0.505413426861,0.520917238427,0.535175588557,0.566763514212,0.000801642859071
z_subj(2).483,0.523595153449,0.0226166080078,0.479204399508,0.509138627707,0.523704959532,0.538752676407,0.568481937811,0.000793604687561
z_subj(2).484,0.589909926027,0.0217969186065,0.546767080727,0.575337731988,0.590471270629,0.604876993681,0.633787865508,0.000843722521015
z_subj(2).485,0.517825913644,0.0214192562512,0.474293028332,0.503727241227,0.517837734015,0.532074881688,0.560403129383,0.000682827622604
z_subj(2).486,0.521729052853,0.021525632696,0.479431077418,0.507343041871,0.520994434028,0.535959592871,0.564460875524,0.000713054757148
z_subj(2).487,0.492868587528,0.0208957141243,0.452909836877,0.478745510792,0.492950507772,0.506870701341,0.533775392934,0.000625844213504
z_subj(2).488,0.525243374587,0.0215264704077,0.481883126066,0.510438108304,0.525500089353,0.539521524576,0.567575359653,0.000633149263012
z_subj(2).489,0.456567450733,0.0212964672432,0.415312139355,0.442476440284,0.456787830764,0.471222771013,0.497539945528,0.00078815135549
z_subj(2).492,0.525427460926,0.0214967290339,0.483241060011,0.510251965582,0.525089808449,0.541116081502,0.56660021291,0.000612478354766
z_subj(2).493,0.492699255224,0.0231342958497,0.447652460435,0.475681993452,0.493708646298,0.508654152692,0.537129215889,0.000804162862767
z_subj(2).494,0.557552432943,0.021583916699,0.515342732982,0.542900440163,0.557462357424,0.572019336237,0.599142276816,0.000653530160576
z_subj(3).374,0.523711758036,0.0203352051025,0.484952292734,0.509464661679,0.52364069425,0.537517096897,0.564095531164,0.000582199386119
z_subj(3).474,0.531155679213,0.0215645936492,0.489172293709,0.516549058717,0.531347086979,0.545122749441,0.573879899095,0.000723546691352
z_subj(3).475,0.507859188975,0.0212719700736,0.464880374077,0.493373684206,0.508930322671,0.522222062331,0.548267847673,0.000728468143182
z_subj(3).476,0.51808926466,0.0243155971299,0.471155692344,0.50145496826,0.518677924508,0.534609360746,0.563831384546,0.00101554114855
z_subj(3).478,0.484177310599,0.0253024185383,0.435100580866,0.467211318777,0.483839618043,0.501754738431,0.532794042726,0.000850734882144
z_subj(3).479,0.582935796324,0.0204644115078,0.544799181255,0.569184462236,0.582140872337,0.59615948853,0.626065644703,0.000687675907593
z_subj(3).480,0.505050513387,0.0235516083437,0.456946957285,0.489849141552,0.50500668207,0.520962350746,0.549527487145,0.000793742230994
z_subj(3).481,0.497612264158,0.0224537089051,0.451508924965,0.483052406848,0.498356135368,0.513065703888,0.541296769733,0.000723080603936
z_subj(3).482,0.526462014896,0.0215956361763,0.483119025539,0.512289188937,0.526815052314,0.541560566296,0.565716551092,0.000675440063051
z_subj(3).483,0.506014867494,0.0227817190763,0.460611902036,0.491073010678,0.506413414781,0.521311640412,0.550237696913,0.000860051265662
z_subj(3).484,0.521672750397,0.0211538588632,0.479891926808,0.507163838666,0.52260796238,0.535834392766,0.562951907485,0.000622758394617
z_subj(3).485,0.485690213227,0.0224615975581,0.441602741582,0.470694672619,0.485208483557,0.500387191917,0.531349571456,0.000748851508505
z_subj(3).486,0.542737387744,0.0219365448669,0.499677576086,0.527913939331,0.542635093372,0.558195416131,0.584735347857,0.000816796790471
z_subj(3).487,0.495060218733,0.0230740405843,0.450370340221,0.479148947459,0.495167897249,0.510270457467,0.541031737614,0.000777319357719
z_subj(3).488,0.472006097772,0.0210180187638,0.429332954982,0.458204358351,0.47230334936,0.486154293402,0.513033044981,0.000680340273363
z_subj(3).489,0.527457978934,0.0212472804915,0.487018706876,0.511917761761,0.527829799788,0.541519093558,0.570694997584,0.000715086622073
z_subj(3).492,0.499295854536,0.0221323856053,0.455814764479,0.483649801691,0.49984653729,0.514205951683,0.541778767495,0.000699331159888
z_subj(3).493,0.528707121887,0.0204577137593,0.487902587318,0.514799890058,0.529164869089,0.5423575037,0.568761160223,0.000616326009037
z_subj(3).494,0.537465148677,0.0217414672398,0.49779303493,0.522870649745,0.53713512349,0.551526288924,0.580954891198,0.000726428047384
